Surface,Date,Sex,Winner,Loser,Winner_Odds,Loser_Odds,Elo_Winner,Elo_Loser,Prob_Elo,Prob_Elo_Loser,Elo_Fav,Elo_Fav_Odds,Elo_Dog_Odds,Elo_Fav_Est_Odds,Elo_Dog_Est_Odds,Wins,Losses,LoserTotal,Surface_x,Sex_x,Winner_Odds_x,Loser_Odds_x,Elo_Winner_x,Elo_Loser_x,Prob_Elo_x,Prob_Elo_Loser_x,Elo_Fav_x,Elo_Fav_Odds_x,Elo_Dog_Odds_x,Elo_Fav_Est_Odds_x,Elo_Dog_Est_Odds_x,Wins_x,Losses_x,WinnerTotal,Surface_y,Sex_y,Winner_Odds_y,Loser_Odds_y,Elo_Winner_y,Elo_Loser_y,Prob_Elo_y,Prob_Elo_Loser_y,Elo_Fav_y,Elo_Fav_Odds_y,Elo_Dog_Odds_y,Elo_Fav_Est_Odds_y,Elo_Dog_Est_Odds_y,Wins_y,Losses_y
Clay,2022-07-17,Mens,Adam Taylor,Tomas Lipovsek Puches,9.09,1.04,1500.0,1419.9087370957254,0.6132614261531374,0.38673857384686255,Adam Taylor,9.09,1.04,1.6306259571432595,2.5857260372376807,1,15,25,Clay,Mens,9.09,1.04,1500.0,1419.9087370957254,0.6132614261531374,0.38673857384686255,Adam Taylor,9.09,1.04,1.6306259571432595,2.5857260372376807,1,15,1,Clay,Mens,9.09,1.04,1500.0,1419.9087370957254,0.6132614261531374,0.38673857384686255,Adam Taylor,9.09,1.04,1.6306259571432595,2.5857260372376807,1,15
Clay,2022-07-17,Mens,Aldin Setkic,Romain Arneodo,1.13,5.26,1538.355434881539,1428.1009134207475,0.6535489835254996,0.3464510164745004,Aldin Setkic,1.13,5.26,1.5301071919745137,2.8864109280903274,34,3,3,Clay,Mens,1.13,5.26,1538.355434881539,1428.1009134207475,0.6535489835254996,0.3464510164745004,Aldin Setkic,1.13,5.26,1.5301071919745137,2.8864109280903274,34,3,65,Clay,Mens,1.13,5.26,1538.355434881539,1428.1009134207475,0.6535489835254996,0.3464510164745004,Aldin Setkic,1.13,5.26,1.5301071919745137,2.8864109280903274,34,3
Clay,2022-07-17,Mens,Alessandro Pecci,Giovanni Fonio,5.34,1.12,1421.0933652853164,1588.4057700373933,0.2762524299115187,0.7237475700884813,Giovanni Fonio,1.12,5.34,1.381697212299788,3.619877661602077,1,21,43,Clay,Mens,5.34,1.12,1421.0933652853164,1588.4057700373933,0.2762524299115187,0.7237475700884813,Giovanni Fonio,1.12,5.34,1.381697212299788,3.619877661602077,1,21,2,Clay,Mens,5.34,1.12,1421.0933652853164,1588.4057700373933,0.2762524299115187,0.7237475700884813,Giovanni Fonio,1.12,5.34,1.381697212299788,3.619877661602077,1,21
Clay,2022-07-17,Mens,Arthur Fils,Benjamin Hannestad,1.07,7.32,1642.5569528666433,1663.7693084629145,0.4695108407621978,0.5304891592378023,Benjamin Hannestad,7.32,1.07,1.8850526586382705,2.1298762737333456,28,2,7,Clay,Mens,1.07,7.32,1642.5569528666433,1663.7693084629145,0.4695108407621978,0.5304891592378023,Benjamin Hannestad,7.32,1.07,1.8850526586382705,2.1298762737333456,28,2,51,Clay,Mens,1.07,7.32,1642.5569528666433,1663.7693084629145,0.4695108407621978,0.5304891592378023,Benjamin Hannestad,7.32,1.07,1.8850526586382705,2.1298762737333456,28,2
Clay,2022-07-17,Mens,Clement Tabur,Jeevan Nedunchezhiyan,1.03,9.64,1626.3934901947175,1350.0969498429677,0.8306851352127987,0.16931486478720117,Clement Tabur,1.03,9.64,1.2038255623098726,5.906155973114488,11,4,4,Clay,Mens,1.03,9.64,1626.3934901947175,1350.0969498429677,0.8306851352127987,0.16931486478720117,Clement Tabur,1.03,9.64,1.2038255623098726,5.906155973114488,11,4,17,Clay,Mens,1.03,9.64,1626.3934901947175,1350.0969498429677,0.8306851352127987,0.16931486478720117,Clement Tabur,1.03,9.64,1.2038255623098726,5.906155973114488,11,4
Clay,2022-07-17,Mens,Corentin Moutet,Giulio Zeppieri,1.73,2.04,1795.4599220771045,1661.4533145358378,0.683824537973222,0.31617546202677804,Corentin Moutet,1.73,2.04,1.462363434579119,3.1628007865939525,37,40,84,Clay,Mens,1.73,2.04,1795.4599220771045,1661.4533145358378,0.683824537973222,0.31617546202677804,Corentin Moutet,1.73,2.04,1.462363434579119,3.1628007865939525,37,40,64,Clay,Mens,1.73,2.04,1795.4599220771045,1661.4533145358378,0.683824537973222,0.31617546202677804,Corentin Moutet,1.73,2.04,1.462363434579119,3.1628007865939525,37,40
Clay,2022-07-17,Mens,Elahi Galan Daniel,Riccardo Bonadio,1.34,3.10,1721.8436071351928,1653.2403189997615,0.5974646672417552,0.4025353327582448,Elahi Galan Daniel,1.34,3.1,1.6737391427958115,2.4842539738010556,71,46,90,Clay,Mens,1.34,3.10,1721.8436071351928,1653.2403189997615,0.5974646672417552,0.4025353327582448,Elahi Galan Daniel,1.34,3.1,1.6737391427958115,2.4842539738010556,71,46,125,Clay,Mens,1.34,3.10,1721.8436071351928,1653.2403189997615,0.5974646672417552,0.4025353327582448,Elahi Galan Daniel,1.34,3.1,1.6737391427958115,2.4842539738010556,71,46
Clay,2022-07-17,Mens,Ernests Gulbis,Jonathan Eysseric,1.98,1.74,1545.9784596823736,1588.8251913012816,0.43864929934920327,0.5613507006507967,Jonathan Eysseric,1.74,1.98,1.781417568091853,2.279725515311749,32,11,21,Clay,Mens,1.98,1.74,1545.9784596823736,1588.8251913012816,0.43864929934920327,0.5613507006507967,Jonathan Eysseric,1.74,1.98,1.781417568091853,2.279725515311749,32,11,69,Clay,Mens,1.98,1.74,1545.9784596823736,1588.8251913012816,0.43864929934920327,0.5613507006507967,Jonathan Eysseric,1.74,1.98,1.781417568091853,2.279725515311749,32,11
Clay,2022-07-17,Mens,Fausto Tabacco,Elliot Benchetrit,3.81,1.23,1443.0704464777468,1510.1543064124385,0.4046406605684497,0.5953593394315503,Elliot Benchetrit,1.23,3.81,1.6796578700769202,2.4713285081019145,1,34,57,Clay,Mens,3.81,1.23,1443.0704464777468,1510.1543064124385,0.4046406605684497,0.5953593394315503,Elliot Benchetrit,1.23,3.81,1.6796578700769202,2.4713285081019145,1,34,2,Clay,Mens,3.81,1.23,1443.0704464777468,1510.1543064124385,0.4046406605684497,0.5953593394315503,Elliot Benchetrit,1.23,3.81,1.6796578700769202,2.4713285081019145,1,34
Clay,2022-07-17,Mens,Felipe Meligeni Alves,Pablo Andujar,2.24,1.62,1727.0621969399658,1654.6235466309051,0.6027628530198498,0.39723714698015017,Felipe Meligeni Alves,2.24,1.62,1.6590272525753484,2.5173879321260197,66,39,71,Clay,Mens,2.24,1.62,1727.0621969399658,1654.6235466309051,0.6027628530198498,0.39723714698015017,Felipe Meligeni Alves,2.24,1.62,1.6590272525753484,2.5173879321260197,66,39,112,Clay,Mens,2.24,1.62,1727.0621969399658,1654.6235466309051,0.6027628530198498,0.39723714698015017,Felipe Meligeni Alves,2.24,1.62,1.6590272525753484,2.5173879321260197,66,39
Clay,2022-07-17,Mens,Fernando Romboli,Andrey Chepelev,6.46,1.09,1371.4389423826715,1635.9099643122888,0.1791057940700974,0.8208942059299026,Andrey Chepelev,1.09,6.46,1.218183771765337,5.583292294880342,1,18,51,Clay,Mens,6.46,1.09,1371.4389423826715,1635.9099643122888,0.1791057940700974,0.8208942059299026,Andrey Chepelev,1.09,6.46,1.218183771765337,5.583292294880342,1,18,3,Clay,Mens,6.46,1.09,1371.4389423826715,1635.9099643122888,0.1791057940700974,0.8208942059299026,Andrey Chepelev,1.09,6.46,1.218183771765337,5.583292294880342,1,18
Clay,2022-07-17,Mens,Francisco Cerundolo,Sebastian Baez,2.60,1.50,1836.7871024490598,1928.1924495511753,0.3714102726917771,0.6285897273082228,Sebastian Baez,1.5,2.6,1.5908627783057292,2.692440337615195,85,39,134,Clay,Mens,2.60,1.50,1836.7871024490598,1928.1924495511753,0.3714102726917771,0.6285897273082228,Sebastian Baez,1.5,2.6,1.5908627783057292,2.692440337615195,85,39,128,Clay,Mens,2.60,1.50,1836.7871024490598,1928.1924495511753,0.3714102726917771,0.6285897273082228,Sebastian Baez,1.5,2.6,1.5908627783057292,2.692440337615195,85,39
Clay,2022-07-17,Mens,Harold Mayot,Iiro Vasa,1.05,8.26,1449.4375276954759,1449.0781769784394,0.5005171470682195,0.49948285293178046,Harold Mayot,1.05,8.26,1.997933549045228,2.0020707300167926,9,2,2,Clay,Mens,1.05,8.26,1449.4375276954759,1449.0781769784394,0.5005171470682195,0.49948285293178046,Harold Mayot,1.05,8.26,1.997933549045228,2.0020707300167926,9,2,24,Clay,Mens,1.05,8.26,1449.4375276954759,1449.0781769784394,0.5005171470682195,0.49948285293178046,Harold Mayot,1.05,8.26,1.997933549045228,2.0020707300167926,9,2
Clay,2022-07-17,Mens,Hermanni Tiainen,Lorenzo Bocchi,9.46,1.03,1500.0,1476.5135806966844,0.5337482838183032,0.46625171618169686,Hermanni Tiainen,9.46,1.03,1.8735423238202236,2.144764223474307,1,6,10,Clay,Mens,9.46,1.03,1500.0,1476.5135806966844,0.5337482838183032,0.46625171618169686,Hermanni Tiainen,9.46,1.03,1.8735423238202236,2.144764223474307,1,6,1,Clay,Mens,9.46,1.03,1500.0,1476.5135806966844,0.5337482838183032,0.46625171618169686,Hermanni Tiainen,9.46,1.03,1.8735423238202236,2.144764223474307,1,6
Clay,2022-07-17,Mens,Jason Taylor,Kyrian Jacquet,10.19,1.03,1500.0,1520.4914577892566,0.47054456778298853,0.5294554322170114,Kyrian Jacquet,1.03,10.19,1.8887331003719372,2.1251972044042216,1,26,46,Clay,Mens,10.19,1.03,1500.0,1520.4914577892566,0.47054456778298853,0.5294554322170114,Kyrian Jacquet,1.03,10.19,1.8887331003719372,2.1251972044042216,1,26,1,Clay,Mens,10.19,1.03,1500.0,1520.4914577892566,0.47054456778298853,0.5294554322170114,Kyrian Jacquet,1.03,10.19,1.8887331003719372,2.1251972044042216,1,26
Clay,2022-07-17,Mens,Jerome Kym,Elias Ymer,2.77,1.41,1697.9790376030608,1693.6925972882311,0.5061683705211691,0.4938316294788308,Jerome Kym,2.77,1.41,1.9756271988515681,2.0249816745342093,9,51,111,Clay,Mens,2.77,1.41,1697.9790376030608,1693.6925972882311,0.5061683705211691,0.4938316294788308,Jerome Kym,2.77,1.41,1.9756271988515681,2.0249816745342093,9,51,15,Clay,Mens,2.77,1.41,1697.9790376030608,1693.6925972882311,0.5061683705211691,0.4938316294788308,Jerome Kym,2.77,1.41,1.9756271988515681,2.0249816745342093,9,51
Clay,2022-07-17,Mens,Jozef Kovalik,Alexander Shevchenko,1.84,1.90,1694.0130016298685,1719.6450740075475,0.4631792605208839,0.5368207394791161,Alexander Shevchenko,1.9,1.84,1.8628192363996825,2.158991313374904,55,26,70,Clay,Mens,1.84,1.90,1694.0130016298685,1719.6450740075475,0.4631792605208839,0.5368207394791161,Alexander Shevchenko,1.9,1.84,1.8628192363996825,2.158991313374904,55,26,99,Clay,Mens,1.84,1.90,1694.0130016298685,1719.6450740075475,0.4631792605208839,0.5368207394791161,Alexander Shevchenko,1.9,1.84,1.8628192363996825,2.158991313374904,55,26
Clay,2022-07-17,Mens,Juan Ignacio Londero,Pavel Kotov,2.04,1.74,1662.597995464523,1789.543228312021,0.3250289596145353,0.6749710403854646,Pavel Kotov,1.74,2.04,1.481545044405041,3.0766489274861524,29,38,91,Clay,Mens,2.04,1.74,1662.597995464523,1789.543228312021,0.3250289596145353,0.6749710403854646,Pavel Kotov,1.74,2.04,1.481545044405041,3.0766489274861524,29,38,64,Clay,Mens,2.04,1.74,1662.597995464523,1789.543228312021,0.3250289596145353,0.6749710403854646,Pavel Kotov,1.74,2.04,1.481545044405041,3.0766489274861524,29,38
Clay,2022-07-17,Mens,Juan Pablo Varillas,Andrea Vavassori,1.45,2.61,1690.8577731222222,1591.830821514281,0.6387735485486677,0.36122645145133225,Juan Pablo Varillas,1.45,2.61,1.5655000152590235,2.768346548217079,80,27,58,Clay,Mens,1.45,2.61,1690.8577731222222,1591.830821514281,0.6387735485486677,0.36122645145133225,Juan Pablo Varillas,1.45,2.61,1.5655000152590235,2.768346548217079,80,27,121,Clay,Mens,1.45,2.61,1690.8577731222222,1591.830821514281,0.6387735485486677,0.36122645145133225,Juan Pablo Varillas,1.45,2.61,1.5655000152590235,2.768346548217079,80,27
Clay,2022-07-17,Mens,Luca Castagnola,Giovanni Oradini,2.90,1.36,1423.2638785224021,1510.9317090352458,0.3764469763513075,0.6235530236486925,Giovanni Oradini,1.36,2.9,1.603712855321501,2.6564166079707885,1,5,8,Clay,Mens,2.90,1.36,1423.2638785224021,1510.9317090352458,0.3764469763513075,0.6235530236486925,Giovanni Oradini,1.36,2.9,1.603712855321501,2.6564166079707885,1,5,2,Clay,Mens,2.90,1.36,1423.2638785224021,1510.9317090352458,0.3764469763513075,0.6235530236486925,Giovanni Oradini,1.36,2.9,1.603712855321501,2.6564166079707885,1,5
Clay,2022-07-17,Mens,Luca Van Assche,Petros Tsitsipas,1.06,7.46,1691.8127843873438,1380.7364734914454,0.8570129779412778,0.1429870220587221,Luca Van Assche,1.06,7.46,1.1668434734818212,6.993641699799292,27,14,18,Clay,Mens,1.06,7.46,1691.8127843873438,1380.7364734914454,0.8570129779412778,0.1429870220587221,Luca Van Assche,1.06,7.46,1.1668434734818212,6.993641699799292,27,14,55,Clay,Mens,1.06,7.46,1691.8127843873438,1380.7364734914454,0.8570129779412778,0.1429870220587221,Luca Van Assche,1.06,7.46,1.1668434734818212,6.993641699799292,27,14
Clay,2022-07-17,Mens,Lucas Renard,Marco Brugnerotto,3.74,1.23,1500.0,1359.0180922280838,0.6924412131641275,0.30755878683587246,Lucas Renard,3.74,1.23,1.4441659176097779,3.2514109263073863,1,4,4,Clay,Mens,3.74,1.23,1500.0,1359.0180922280838,0.6924412131641275,0.30755878683587246,Lucas Renard,3.74,1.23,1.4441659176097779,3.2514109263073863,1,4,1,Clay,Mens,3.74,1.23,1500.0,1359.0180922280838,0.6924412131641275,0.30755878683587246,Lucas Renard,3.74,1.23,1.4441659176097779,3.2514109263073863,1,4
Clay,2022-07-17,Mens,Lukas Neumayer,Remy Bertola,1.67,2.08,1562.6048176559689,1565.5271380369766,0.49579454208240775,0.5042054579175922,Remy Bertola,2.08,1.67,1.9833184752304702,2.0169645188102665,6,9,16,Clay,Mens,1.67,2.08,1562.6048176559689,1565.5271380369766,0.49579454208240775,0.5042054579175922,Remy Bertola,2.08,1.67,1.9833184752304702,2.0169645188102665,6,9,13,Clay,Mens,1.67,2.08,1562.6048176559689,1565.5271380369766,0.49579454208240775,0.5042054579175922,Remy Bertola,2.08,1.67,1.9833184752304702,2.0169645188102665,6,9
Clay,2022-07-17,Mens,Manuel Mazza,Samuel Vincent Ruggeri,2.72,1.40,1387.1489434969887,1453.4950817465008,0.4056641236776815,0.5943358763223184,Samuel Vincent Ruggeri,1.4,2.72,1.6825502882105725,2.4650935136540326,3,5,8,Clay,Mens,2.72,1.40,1387.1489434969887,1453.4950817465008,0.4056641236776815,0.5943358763223184,Samuel Vincent Ruggeri,1.4,2.72,1.6825502882105725,2.4650935136540326,3,5,7,Clay,Mens,2.72,1.40,1387.1489434969887,1453.4950817465008,0.4056641236776815,0.5943358763223184,Samuel Vincent Ruggeri,1.4,2.72,1.6825502882105725,2.4650935136540326,3,5
Clay,2022-07-17,Mens,Marko Topo,Rudolf Molleker,2.35,1.55,1565.0727658567662,1463.792524328478,0.6417610774962169,0.3582389225037831,Marko Topo,2.35,1.55,1.5582122928075126,2.7914331391208327,9,28,41,Clay,Mens,2.35,1.55,1565.0727658567662,1463.792524328478,0.6417610774962169,0.3582389225037831,Marko Topo,2.35,1.55,1.5582122928075126,2.7914331391208327,9,28,18,Clay,Mens,2.35,1.55,1565.0727658567662,1463.792524328478,0.6417610774962169,0.3582389225037831,Marko Topo,2.35,1.55,1.5582122928075126,2.7914331391208327,9,28
Clay,2022-07-17,Mens,Matteo Marfia,Matteo Martineau,7.76,1.06,1435.9343101103725,1529.6323075310345,0.36833437411028525,0.6316656258897148,Matteo Martineau,1.06,7.76,1.5831160649140568,2.7149244553009977,1,38,70,Clay,Mens,7.76,1.06,1435.9343101103725,1529.6323075310345,0.36833437411028525,0.6316656258897148,Matteo Martineau,1.06,7.76,1.5831160649140568,2.7149244553009977,1,38,2,Clay,Mens,7.76,1.06,1435.9343101103725,1529.6323075310345,0.36833437411028525,0.6316656258897148,Matteo Martineau,1.06,7.76,1.5831160649140568,2.7149244553009977,1,38
Clay,2022-07-17,Mens,Nicolas Jarry,Flavio Cobolli,1.54,2.38,1759.027628780477,1664.7758425117831,0.6324070159870637,0.3675929840129363,Nicolas Jarry,1.54,2.38,1.581260129505672,2.7204001259306083,70,47,109,Clay,Mens,1.54,2.38,1759.027628780477,1664.7758425117831,0.6324070159870637,0.3675929840129363,Nicolas Jarry,1.54,2.38,1.581260129505672,2.7204001259306083,70,47,105,Clay,Mens,1.54,2.38,1759.027628780477,1664.7758425117831,0.6324070159870637,0.3675929840129363,Nicolas Jarry,1.54,2.38,1.581260129505672,2.7204001259306083,70,47
Clay,2022-07-17,Mens,Paul Ender,Vit Kopriva,10.91,1.01,1500.0,1733.9704028669223,0.20638716135902582,0.7936128386409743,Vit Kopriva,1.01,10.91,1.2600602602554343,4.84526262881452,1,45,113,Clay,Mens,10.91,1.01,1500.0,1733.9704028669223,0.20638716135902582,0.7936128386409743,Vit Kopriva,1.01,10.91,1.2600602602554343,4.84526262881452,1,45,1,Clay,Mens,10.91,1.01,1500.0,1733.9704028669223,0.20638716135902582,0.7936128386409743,Vit Kopriva,1.01,10.91,1.2600602602554343,4.84526262881452,1,45
Clay,2022-07-17,Mens,Pedro Boscardin Dias,Jakub Paul,1.44,2.59,1607.798399349543,1366.0693062585922,0.8008323218979313,0.19916767810206865,Pedro Boscardin Dias,1.44,2.59,1.2487008486746034,5.020895004296451,16,13,20,Clay,Mens,1.44,2.59,1607.798399349543,1366.0693062585922,0.8008323218979313,0.19916767810206865,Pedro Boscardin Dias,1.44,2.59,1.2487008486746034,5.020895004296451,16,13,31,Clay,Mens,1.44,2.59,1607.798399349543,1366.0693062585922,0.8008323218979313,0.19916767810206865,Pedro Boscardin Dias,1.44,2.59,1.2487008486746034,5.020895004296451,16,13
Clay,2022-07-17,Mens,Pedro Cachin,Francesco Maestrelli,1.41,2.79,1897.4721833778958,1802.0150226640135,0.6340185557013973,0.36598144429860274,Pedro Cachin,1.41,2.79,1.5772409040832054,2.732378965049671,67,17,43,Clay,Mens,1.41,2.79,1897.4721833778958,1802.0150226640135,0.6340185557013973,0.36598144429860274,Pedro Cachin,1.41,2.79,1.5772409040832054,2.732378965049671,67,17,98,Clay,Mens,1.41,2.79,1897.4721833778958,1802.0150226640135,0.6340185557013973,0.36598144429860274,Pedro Cachin,1.41,2.79,1.5772409040832054,2.732378965049671,67,17
Clay,2022-07-17,Mens,Peetu Pohjola,Johannes Ingildsen,6.10,1.10,1459.6462442856362,1382.8977153245814,0.6086878621684308,0.3913121378315692,Peetu Pohjola,6.1,1.1,1.642878168192039,2.555504681100451,1,3,3,Clay,Mens,6.10,1.10,1459.6462442856362,1382.8977153245814,0.6086878621684308,0.3913121378315692,Peetu Pohjola,6.1,1.1,1.642878168192039,2.555504681100451,1,3,2,Clay,Mens,6.10,1.10,1459.6462442856362,1382.8977153245814,0.6086878621684308,0.3913121378315692,Peetu Pohjola,6.1,1.1,1.642878168192039,2.555504681100451,1,3
Clay,2022-07-17,Mens,Ricardas Berankis,Luca Nardi,2.14,1.66,1764.3838938331671,1655.6379906883262,0.6515800464935038,0.34841995350649624,Ricardas Berankis,2.14,1.66,1.5347308521516703,2.8700996884248626,40,29,59,Clay,Mens,2.14,1.66,1764.3838938331671,1655.6379906883262,0.6515800464935038,0.34841995350649624,Ricardas Berankis,2.14,1.66,1.5347308521516703,2.8700996884248626,40,29,71,Clay,Mens,2.14,1.66,1764.3838938331671,1655.6379906883262,0.6515800464935038,0.34841995350649624,Ricardas Berankis,2.14,1.66,1.5347308521516703,2.8700996884248626,40,29
Clay,2022-07-17,Mens,Tallon Griekspoor,Roberto Carballes Baena,1.52,2.45,1852.9108295207168,1758.8466742399844,0.632155893139585,0.36784410686041497,Tallon Griekspoor,1.52,2.45,1.5818882823879523,2.718542940744917,81,58,136,Clay,Mens,1.52,2.45,1852.9108295207168,1758.8466742399844,0.632155893139585,0.36784410686041497,Tallon Griekspoor,1.52,2.45,1.5818882823879523,2.718542940744917,81,58,115,Clay,Mens,1.52,2.45,1852.9108295207168,1758.8466742399844,0.632155893139585,0.36784410686041497,Tallon Griekspoor,1.52,2.45,1.5818882823879523,2.718542940744917,81,58
Clay,2022-07-17,Mens,Yannick Hanfmann,Filip Misolic,1.61,2.24,1623.3199086222264,1658.2624834655326,0.44988245652937925,0.5501175434706208,Filip Misolic,2.24,1.61,1.8177933277516085,2.222802835466192,32,17,40,Clay,Mens,1.61,2.24,1623.3199086222264,1658.2624834655326,0.44988245652937925,0.5501175434706208,Filip Misolic,2.24,1.61,1.8177933277516085,2.222802835466192,32,17,71,Clay,Mens,1.61,2.24,1623.3199086222264,1658.2624834655326,0.44988245652937925,0.5501175434706208,Filip Misolic,2.24,1.61,1.8177933277516085,2.222802835466192,32,17
Clay,2022-07-17,Mens,Zhizhen Zhang,Pietro Pampanin,1.04,8.92,1707.3491514340246,1433.9825868778398,0.8282996873274167,0.17170031267258332,Zhizhen Zhang,1.04,8.92,1.2072924996828018,5.824101217025201,38,2,2,Clay,Mens,1.04,8.92,1707.3491514340246,1433.9825868778398,0.8282996873274167,0.17170031267258332,Zhizhen Zhang,1.04,8.92,1.2072924996828018,5.824101217025201,38,2,69,Clay,Mens,1.04,8.92,1707.3491514340246,1433.9825868778398,0.8282996873274167,0.17170031267258332,Zhizhen Zhang,1.04,8.92,1.2072924996828018,5.824101217025201,38,2
Clay,2022-07-17,Mens,Zizou Bergs,Facundo Bagnis,2.41,1.53,1780.741131142372,1701.5394265793648,0.612046235896025,0.3879537641039749,Zizou Bergs,2.41,1.53,1.6338634915971952,2.5776267496968828,63,45,105,Clay,Mens,2.41,1.53,1780.741131142372,1701.5394265793648,0.612046235896025,0.3879537641039749,Zizou Bergs,2.41,1.53,1.6338634915971952,2.5776267496968828,63,45,98,Clay,Mens,2.41,1.53,1780.741131142372,1701.5394265793648,0.612046235896025,0.3879537641039749,Zizou Bergs,2.41,1.53,1.6338634915971952,2.5776267496968828,63,45
Clay,2022-07-17,Womens,Alexandra Krunic,Bernarda Pera,1.75,2.09,1737.7642431445408,1727.4723536990014,0.5148068888032057,0.48519311119679437,Alexandra Krunic,1.75,2.09,1.9424759492335935,2.061035033109528,41,39,75,Clay,Womens,1.75,2.09,1737.7642431445408,1727.4723536990014,0.5148068888032057,0.48519311119679437,Alexandra Krunic,1.75,2.09,1.9424759492335935,2.061035033109528,41,39,68,Clay,Womens,1.75,2.09,1737.7642431445408,1727.4723536990014,0.5148068888032057,0.48519311119679437,Alexandra Krunic,1.75,2.09,1.9424759492335935,2.061035033109528,41,39
Clay,2022-07-17,Womens,Anastasia Gasanova,Joanne Zuger,1.46,2.62,1608.7476299240825,1469.9182562887831,0.6897960768966515,0.31020392310334843,Anastasia Gasanova,1.46,2.62,1.4497038088400505,3.223685857985868,34,8,12,Clay,Womens,1.46,2.62,1608.7476299240825,1469.9182562887831,0.6897960768966515,0.31020392310334843,Anastasia Gasanova,1.46,2.62,1.4497038088400505,3.223685857985868,34,8,64,Clay,Womens,1.46,2.62,1608.7476299240825,1469.9182562887831,0.6897960768966515,0.31020392310334843,Anastasia Gasanova,1.46,2.62,1.4497038088400505,3.223685857985868,34,8
Clay,2022-07-17,Womens,Anna Lena Friedsam,Alexandra Ignatik,1.72,2.05,1518.4936317900674,1545.8864422559652,0.46066005800210796,0.5393399419978919,Alexandra Ignatik,2.05,1.72,1.8541181954662438,2.170798146331636,23,9,19,Clay,Womens,1.72,2.05,1518.4936317900674,1545.8864422559652,0.46066005800210796,0.5393399419978919,Alexandra Ignatik,2.05,1.72,1.8541181954662438,2.170798146331636,23,9,53,Clay,Womens,1.72,2.05,1518.4936317900674,1545.8864422559652,0.46066005800210796,0.5393399419978919,Alexandra Ignatik,2.05,1.72,1.8541181954662438,2.170798146331636,23,9
Clay,2022-07-17,Womens,Elina Avanesyan,Rodrigues Alves Carolina Meligeni,1.68,2.11,1558.7839893372586,1533.8762018063558,0.535783904751006,0.46421609524899393,Elina Avanesyan,1.68,2.11,1.866424114521933,2.154169168700678,13,10,18,Clay,Womens,1.68,2.11,1558.7839893372586,1533.8762018063558,0.535783904751006,0.46421609524899393,Elina Avanesyan,1.68,2.11,1.866424114521933,2.154169168700678,13,10,24,Clay,Womens,1.68,2.11,1558.7839893372586,1533.8762018063558,0.535783904751006,0.46421609524899393,Elina Avanesyan,1.68,2.11,1.866424114521933,2.154169168700678,13,10
Clay,2022-07-17,Womens,Julia Grabher,Leolia Jeanjean,1.68,2.11,1599.6213848757054,1681.1246350618371,0.3848126123162731,0.6151873876837268,Leolia Jeanjean,2.11,1.68,1.625520971366384,2.5986674240762966,22,9,21,Clay,Womens,1.68,2.11,1599.6213848757054,1681.1246350618371,0.3848126123162731,0.6151873876837268,Leolia Jeanjean,2.11,1.68,1.625520971366384,2.5986674240762966,22,9,42,Clay,Womens,1.68,2.11,1599.6213848757054,1681.1246350618371,0.3848126123162731,0.6151873876837268,Leolia Jeanjean,2.11,1.68,1.625520971366384,2.5986674240762966,22,9
Clay,2022-07-17,Womens,Katerina Siniakova,Darya Kasatkina,3.16,1.35,1686.0972722141585,1943.618254136106,0.18506368873015125,0.8149363112698487,Darya Kasatkina,1.35,3.16,1.227089756795573,5.403545162542069,33,33,99,Clay,Womens,3.16,1.35,1686.0972722141585,1943.618254136106,0.18506368873015125,0.8149363112698487,Darya Kasatkina,1.35,3.16,1.227089756795573,5.403545162542069,33,33,66,Clay,Womens,3.16,1.35,1686.0972722141585,1943.618254136106,0.18506368873015125,0.8149363112698487,Darya Kasatkina,1.35,3.16,1.227089756795573,5.403545162542069,33,33
Clay,2022-07-17,Womens,Kateryna Baindl,Sabine Lisicki,1.31,3.27,1598.2481561055533,1615.1677565732327,0.4756699678406998,0.5243300321593001,Sabine Lisicki,3.27,1.31,1.9071957329657279,2.1022979536410347,29,3,7,Clay,Womens,1.31,3.27,1598.2481561055533,1615.1677565732327,0.4756699678406998,0.5243300321593001,Sabine Lisicki,3.27,1.31,1.9071957329657279,2.1022979536410347,29,3,52,Clay,Womens,1.31,3.27,1598.2481561055533,1615.1677565732327,0.4756699678406998,0.5243300321593001,Sabine Lisicki,3.27,1.31,1.9071957329657279,2.1022979536410347,29,3
Clay,2022-07-17,Womens,Louisa Chirico,Asia Muhammad,1.54,2.37,1621.3605006132816,1397.0438958183468,0.7843621020115499,0.2156378979884501,Louisa Chirico,1.54,2.37,1.2749213627678238,4.637403764961396,10,21,37,Clay,Womens,1.54,2.37,1621.3605006132816,1397.0438958183468,0.7843621020115499,0.2156378979884501,Louisa Chirico,1.54,2.37,1.2749213627678238,4.637403764961396,10,21,18,Clay,Womens,1.54,2.37,1621.3605006132816,1397.0438958183468,0.7843621020115499,0.2156378979884501,Louisa Chirico,1.54,2.37,1.2749213627678238,4.637403764961396,10,21
Clay,2022-07-17,Womens,Marina Bassols Ribera,Despina Papamichail,1.69,2.09,1485.5622703299716,1517.910011372263,0.4535819047620563,0.5464180952379437,Despina Papamichail,2.09,1.69,1.8301004463707211,2.204673487855712,6,18,33,Clay,Womens,1.69,2.09,1485.5622703299716,1517.910011372263,0.4535819047620563,0.5464180952379437,Despina Papamichail,2.09,1.69,1.8301004463707211,2.204673487855712,6,18,11,Clay,Womens,1.69,2.09,1485.5622703299716,1517.910011372263,0.4535819047620563,0.5464180952379437,Despina Papamichail,2.09,1.69,1.8301004463707211,2.204673487855712,6,18
Clay,2022-07-17,Womens,Maryna Zanevska,Viktoriya Tomova,1.83,1.96,1625.566674834863,1662.305290071358,0.44732506331224936,0.5526749366877507,Viktoriya Tomova,1.96,1.83,1.80938185109881,2.2355107773202576,29,42,77,Clay,Womens,1.83,1.96,1625.566674834863,1662.305290071358,0.44732506331224936,0.5526749366877507,Viktoriya Tomova,1.96,1.83,1.80938185109881,2.2355107773202576,29,42,48,Clay,Womens,1.83,1.96,1625.566674834863,1662.305290071358,0.44732506331224936,0.5526749366877507,Viktoriya Tomova,1.96,1.83,1.80938185109881,2.2355107773202576,29,42
Clay,2022-07-17,Womens,Matilde Paoletti,Anastasia Tikhonova,2.83,1.40,1478.2869431666277,1498.078667133563,0.47154818864343234,0.5284518113565677,Anastasia Tikhonova,1.4,2.83,1.8923201293093113,2.1206740351963558,2,7,12,Clay,Womens,2.83,1.40,1478.2869431666277,1498.078667133563,0.47154818864343234,0.5284518113565677,Anastasia Tikhonova,1.4,2.83,1.8923201293093113,2.1206740351963558,2,7,3,Clay,Womens,2.83,1.40,1478.2869431666277,1498.078667133563,0.47154818864343234,0.5284518113565677,Anastasia Tikhonova,1.4,2.83,1.8923201293093113,2.1206740351963558,2,7
Clay,2022-07-17,Womens,Nao Hibino,Arianne Hartono,1.77,1.99,1488.8810301718097,1597.838439572373,0.3481435971154128,0.6518564028845872,Arianne Hartono,1.99,1.77,1.534080198606337,2.872377973587981,15,10,23,Clay,Womens,1.77,1.99,1488.8810301718097,1597.838439572373,0.3481435971154128,0.6518564028845872,Arianne Hartono,1.99,1.77,1.534080198606337,2.872377973587981,15,10,41,Clay,Womens,1.77,1.99,1488.8810301718097,1597.838439572373,0.3481435971154128,0.6518564028845872,Arianne Hartono,1.99,1.77,1.534080198606337,2.872377973587981,15,10
Clay,2022-07-17,Womens,Oksana Selekhmeteva,Noma Noha Akugue,1.34,3.13,1566.4672064141823,1566.0803436589722,0.5005567400281491,0.49944325997185096,Oksana Selekhmeteva,1.34,3.13,1.9977755168050768,2.002229442552415,18,5,11,Clay,Womens,1.34,3.13,1566.4672064141823,1566.0803436589722,0.5005567400281491,0.49944325997185096,Oksana Selekhmeteva,1.34,3.13,1.9977755168050768,2.002229442552415,18,5,29,Clay,Womens,1.34,3.13,1566.4672064141823,1566.0803436589722,0.5005567400281491,0.49944325997185096,Oksana Selekhmeteva,1.34,3.13,1.9977755168050768,2.002229442552415,18,5
Clay,2022-07-17,Womens,Olga Danilovic,Petra Martic,2.57,1.51,1755.4617483879463,1829.0265963652928,0.3956859180231675,0.6043140819768325,Petra Martic,1.51,2.57,1.6547686539568955,2.5272569845193473,31,36,75,Clay,Womens,2.57,1.51,1755.4617483879463,1829.0265963652928,0.3956859180231675,0.6043140819768325,Petra Martic,1.51,2.57,1.6547686539568955,2.5272569845193473,31,36,48,Clay,Womens,2.57,1.51,1755.4617483879463,1829.0265963652928,0.3956859180231675,0.6043140819768325,Petra Martic,1.51,2.57,1.6547686539568955,2.5272569845193473,31,36
Clay,2022-07-17,Womens,Rebeka Masarova,Jaimee Fourlis,1.90,1.85,1638.8010157404624,1615.562373285671,0.5333933117433398,0.46660668825666013,Rebeka Masarova,1.9,1.85,1.8747891621130484,2.143132589325302,17,9,22,Clay,Womens,1.90,1.85,1638.8010157404624,1615.562373285671,0.5333933117433398,0.46660668825666013,Rebeka Masarova,1.9,1.85,1.8747891621130484,2.143132589325302,17,9,29,Clay,Womens,1.90,1.85,1638.8010157404624,1615.562373285671,0.5333933117433398,0.46660668825666013,Rebeka Masarova,1.9,1.85,1.8747891621130484,2.143132589325302,17,9
Clay,2022-07-17,Womens,Reka Luca Jani,Laura Pigossi,1.72,2.10,1515.1609099173195,1564.8858752519454,0.4289246475804966,0.5710753524195034,Laura Pigossi,2.1,1.72,1.7510824022841298,2.331411835717203,16,16,33,Clay,Womens,1.72,2.10,1515.1609099173195,1564.8858752519454,0.4289246475804966,0.5710753524195034,Laura Pigossi,2.1,1.72,1.7510824022841298,2.331411835717203,16,16,36,Clay,Womens,1.72,2.10,1515.1609099173195,1564.8858752519454,0.4289246475804966,0.5710753524195034,Laura Pigossi,2.1,1.72,1.7510824022841298,2.331411835717203,16,16
Clay,2022-07-17,Womens,Suzan Lamens,Lourdes Carle Maria,1.73,2.04,1467.5360113789923,1571.0151653101886,0.35533406134447315,0.6446659386555269,Lourdes Carle Maria,2.04,1.73,1.551190996821601,2.8142531459447264,6,9,19,Clay,Womens,1.73,2.04,1467.5360113789923,1571.0151653101886,0.35533406134447315,0.6446659386555269,Lourdes Carle Maria,2.04,1.73,1.551190996821601,2.8142531459447264,6,9,11,Clay,Womens,1.73,2.04,1467.5360113789923,1571.0151653101886,0.35533406134447315,0.6446659386555269,Lourdes Carle Maria,2.04,1.73,1.551190996821601,2.8142531459447264,6,9
grass,2022-07-17,Mens,Alexander Bublik,Maxime Cressy,1.65,2.25,1860.539543008605,1839.2602320018134,0.5305851564018625,0.4694148435981375,Alexander Bublik,1.65,2.25,1.8847116017746357,2.13031184172798,58,54,123,grass,Mens,1.65,2.25,1860.539543008605,1839.2602320018134,0.5305851564018625,0.4694148435981375,Alexander Bublik,1.65,2.25,1.8847116017746357,2.13031184172798,58,54,105,grass,Mens,1.65,2.25,1860.539543008605,1839.2602320018134,0.5305851564018625,0.4694148435981375,Alexander Bublik,1.65,2.25,1.8847116017746357,2.13031184172798,58,54
Hard,2022-07-17,Mens,Adria Soriano Barrera,Inaki Montes De La Torre,2.34,1.54,1546.695512502772,1575.611441038785,0.45848244923571624,0.5415175507642838,Inaki Montes De La Torre,1.54,2.34,1.8466622154510524,2.1811085716955705,17,3,7,Hard,Mens,2.34,1.54,1546.695512502772,1575.611441038785,0.45848244923571624,0.5415175507642838,Inaki Montes De La Torre,1.54,2.34,1.8466622154510524,2.1811085716955705,17,3,25,Hard,Mens,2.34,1.54,1546.695512502772,1575.611441038785,0.45848244923571624,0.5415175507642838,Inaki Montes De La Torre,1.54,2.34,1.8466622154510524,2.1811085716955705,17,3
Hard,2022-07-17,Mens,Adrian Menendez Maceiras,Sebastian Gima,1.50,2.38,1483.239989237513,1289.9305809179516,0.7526467290508853,0.24735327094911466,Adrian Menendez Maceiras,1.5,2.38,1.3286445837093268,4.042800793225489,23,7,8,Hard,Mens,1.50,2.38,1483.239989237513,1289.9305809179516,0.7526467290508853,0.24735327094911466,Adrian Menendez Maceiras,1.5,2.38,1.3286445837093268,4.042800793225489,23,7,59,Hard,Mens,1.50,2.38,1483.239989237513,1289.9305809179516,0.7526467290508853,0.24735327094911466,Adrian Menendez Maceiras,1.5,2.38,1.3286445837093268,4.042800793225489,23,7
Hard,2022-07-17,Mens,Aidan Kim,Juncheng Shang,9.38,1.02,1369.4601749392684,1629.883992240602,0.1825568095226883,0.8174431904773117,Juncheng Shang,1.02,9.38,1.2233266013459503,5.477746914040581,3,16,29,Hard,Mens,9.38,1.02,1369.4601749392684,1629.883992240602,0.1825568095226883,0.8174431904773117,Juncheng Shang,1.02,9.38,1.2233266013459503,5.477746914040581,3,16,10,Hard,Mens,9.38,1.02,1369.4601749392684,1629.883992240602,0.1825568095226883,0.8174431904773117,Juncheng Shang,1.02,9.38,1.2233266013459503,5.477746914040581,3,16
Hard,2022-07-17,Mens,Arslanbek Aitkulov,Daniil Glinka,7.38,1.06,1500.0,1337.6855072257067,0.7179584562397731,0.2820415437602269,Arslanbek Aitkulov,7.38,1.06,1.3928382503319034,3.545576962414211,1,6,7,Hard,Mens,7.38,1.06,1500.0,1337.6855072257067,0.7179584562397731,0.2820415437602269,Arslanbek Aitkulov,7.38,1.06,1.3928382503319034,3.545576962414211,1,6,1,Hard,Mens,7.38,1.06,1500.0,1337.6855072257067,0.7179584562397731,0.2820415437602269,Arslanbek Aitkulov,7.38,1.06,1.3928382503319034,3.545576962414211,1,6
Hard,2022-07-17,Mens,Ben Shelton,Yibing Wu,2.70,1.44,1795.127032594134,1916.639651340582,0.33192689410060416,0.6680731058993958,Yibing Wu,1.44,2.7,1.4968421736626358,3.0127115873199135,19,3,17,Hard,Mens,2.70,1.44,1795.127032594134,1916.639651340582,0.33192689410060416,0.6680731058993958,Yibing Wu,1.44,2.7,1.4968421736626358,3.0127115873199135,19,3,25,Hard,Mens,2.70,1.44,1795.127032594134,1916.639651340582,0.33192689410060416,0.6680731058993958,Yibing Wu,1.44,2.7,1.4968421736626358,3.0127115873199135,19,3
Hard,2022-07-17,Mens,Billy Harris,Patrick Smith John,1.60,2.16,1558.7168345210978,1398.1405516000236,0.7159279008074456,0.2840720991925544,Billy Harris,1.6,2.16,1.396788697398396,3.520233077596838,38,14,23,Hard,Mens,1.60,2.16,1558.7168345210978,1398.1405516000236,0.7159279008074456,0.2840720991925544,Billy Harris,1.6,2.16,1.396788697398396,3.520233077596838,38,14,65,Hard,Mens,1.60,2.16,1558.7168345210978,1398.1405516000236,0.7159279008074456,0.2840720991925544,Billy Harris,1.6,2.16,1.396788697398396,3.520233077596838,38,14
Hard,2022-07-17,Mens,Brandon Holt,Taha Baadi,1.08,6.21,1693.76933797932,1498.0720928779253,0.7551968264722225,0.2448031735277775,Brandon Holt,1.08,6.21,1.3241581067962576,4.084914364423185,15,2,3,Hard,Mens,1.08,6.21,1693.76933797932,1498.0720928779253,0.7551968264722225,0.2448031735277775,Brandon Holt,1.08,6.21,1.3241581067962576,4.084914364423185,15,2,22,Hard,Mens,1.08,6.21,1693.76933797932,1498.0720928779253,0.7551968264722225,0.2448031735277775,Brandon Holt,1.08,6.21,1.3241581067962576,4.084914364423185,15,2
Hard,2022-07-17,Mens,Carlos Garcia Garcia Juan,Edan Leshem,7.83,1.05,1306.284897568681,1466.3204322159165,0.2847055900644326,0.7152944099355674,Edan Leshem,1.05,7.83,1.3980257445183704,3.5124003001616053,1,9,15,Hard,Mens,7.83,1.05,1306.284897568681,1466.3204322159165,0.2847055900644326,0.7152944099355674,Edan Leshem,1.05,7.83,1.3980257445183704,3.5124003001616053,1,9,4,Hard,Mens,7.83,1.05,1306.284897568681,1466.3204322159165,0.2847055900644326,0.7152944099355674,Edan Leshem,1.05,7.83,1.3980257445183704,3.5124003001616053,1,9
Hard,2022-07-17,Mens,Chan Hong Seong,Min Kyu Song,1.17,4.48,1460.1857351187273,1500.0,0.44295216485474215,0.5570478351452578,Min Kyu Song,4.48,1.17,1.7951779666089833,2.257580116642914,1,1,1,Hard,Mens,1.17,4.48,1460.1857351187273,1500.0,0.44295216485474215,0.5570478351452578,Min Kyu Song,4.48,1.17,1.7951779666089833,2.257580116642914,1,1,2,Hard,Mens,1.17,4.48,1460.1857351187273,1500.0,0.44295216485474215,0.5570478351452578,Min Kyu Song,4.48,1.17,1.7951779666089833,2.257580116642914,1,1
Hard,2022-07-17,Mens,Dali Blanch,Arjun Kadhe,3.07,1.33,1500.0,1400.10795576391,0.6399218181138416,0.36007818188615837,Dali Blanch,3.07,1.33,1.5626908970653361,2.7771746534650026,1,19,29,Hard,Mens,3.07,1.33,1500.0,1400.10795576391,0.6399218181138416,0.36007818188615837,Dali Blanch,3.07,1.33,1.5626908970653361,2.7771746534650026,1,19,1,Hard,Mens,3.07,1.33,1500.0,1400.10795576391,0.6399218181138416,0.36007818188615837,Dali Blanch,3.07,1.33,1.5626908970653361,2.7771746534650026,1,19
Hard,2022-07-17,Mens,Dan Added,Tomas Vaise,1.01,10.32,1566.2533576368892,1500.0,0.5942071007903885,0.4057928992096115,Dan Added,1.01,10.32,1.6829149275897972,2.464311233507938,13,1,1,Hard,Mens,1.01,10.32,1566.2533576368892,1500.0,0.5942071007903885,0.4057928992096115,Dan Added,1.01,10.32,1.6829149275897972,2.464311233507938,13,1,24,Hard,Mens,1.01,10.32,1566.2533576368892,1500.0,0.5942071007903885,0.4057928992096115,Dan Added,1.01,10.32,1.6829149275897972,2.464311233507938,13,1
Hard,2022-07-17,Mens,Federico Zeballos,Miguel Damas,2.03,1.68,1426.271148071901,1553.1580933102293,0.3251025743286937,0.6748974256713063,Miguel Damas,1.68,2.03,1.4817066445398293,3.075952265419325,20,10,20,Hard,Mens,2.03,1.68,1426.271148071901,1553.1580933102293,0.3251025743286937,0.6748974256713063,Miguel Damas,1.68,2.03,1.4817066445398293,3.075952265419325,20,10,44,Hard,Mens,2.03,1.68,1426.271148071901,1553.1580933102293,0.3251025743286937,0.6748974256713063,Miguel Damas,1.68,2.03,1.4817066445398293,3.075952265419325,20,10
Hard,2022-07-17,Mens,Jose Pereira,Simon Carr,1.84,1.84,1630.0368166363019,1589.2678820808285,0.5584034019270316,0.44159659807296825,Jose Pereira,1.84,1.84,1.7908200353884542,2.2645101985925233,15,4,9,Hard,Mens,1.84,1.84,1630.0368166363019,1589.2678820808285,0.5584034019270316,0.44159659807296825,Jose Pereira,1.84,1.84,1.7908200353884542,2.2645101985925233,15,4,25,Hard,Mens,1.84,1.84,1630.0368166363019,1589.2678820808285,0.5584034019270316,0.44159659807296825,Jose Pereira,1.84,1.84,1.7908200353884542,2.2645101985925233,15,4
Hard,2022-07-17,Mens,Keegan Smith,Gage Brymer,1.30,3.15,1530.9126754550448,1625.8326115865614,0.36669932502847374,0.6333006749715263,Gage Brymer,3.15,1.3,1.579028792358323,2.7270298354717486,17,19,51,Hard,Mens,1.30,3.15,1530.9126754550448,1625.8326115865614,0.36669932502847374,0.6333006749715263,Gage Brymer,3.15,1.3,1.579028792358323,2.7270298354717486,17,19,29,Hard,Mens,1.30,3.15,1530.9126754550448,1625.8326115865614,0.36669932502847374,0.6333006749715263,Gage Brymer,3.15,1.3,1.579028792358323,2.7270298354717486,17,19
Hard,2022-07-17,Mens,Kenny De Schepper,Alexander Cozbinov,1.44,2.60,1485.107461065602,1355.409128683184,0.6784381943552108,0.3215618056447892,Kenny De Schepper,1.44,2.6,1.4739736181132936,3.1098220698034096,18,13,19,Hard,Mens,1.44,2.60,1485.107461065602,1355.409128683184,0.6784381943552108,0.3215618056447892,Kenny De Schepper,1.44,2.6,1.4739736181132936,3.1098220698034096,18,13,40,Hard,Mens,1.44,2.60,1485.107461065602,1355.409128683184,0.6784381943552108,0.3215618056447892,Kenny De Schepper,1.44,2.6,1.4739736181132936,3.1098220698034096,18,13
Hard,2022-07-17,Mens,Kiur Saar Karl,Alafia Ayeni,3.22,1.30,1500.0,1461.3009866725274,0.5554631775104986,0.4445368224895013,Kiur Saar Karl,3.22,1.3,1.8002993546428188,2.249532433330913,1,2,2,Hard,Mens,3.22,1.30,1500.0,1461.3009866725274,0.5554631775104986,0.4445368224895013,Kiur Saar Karl,3.22,1.3,1.8002993546428188,2.249532433330913,1,2,1,Hard,Mens,3.22,1.30,1500.0,1461.3009866725274,0.5554631775104986,0.4445368224895013,Kiur Saar Karl,3.22,1.3,1.8002993546428188,2.249532433330913,1,2
Hard,2022-07-17,Mens,Liam Draxl,Zachary Svajda,2.16,1.60,1463.5677817963556,1433.2091381493062,0.5435787468820624,0.45642125311793763,Liam Draxl,2.16,1.6,1.8396598574464962,2.1909584471992227,5,18,31,Hard,Mens,2.16,1.60,1463.5677817963556,1433.2091381493062,0.5435787468820624,0.45642125311793763,Liam Draxl,2.16,1.6,1.8396598574464962,2.1909584471992227,5,18,12,Hard,Mens,2.16,1.60,1463.5677817963556,1433.2091381493062,0.5435787468820624,0.45642125311793763,Liam Draxl,2.16,1.6,1.8396598574464962,2.1909584471992227,5,18
Hard,2022-07-17,Mens,Maksim Shin,Erik Arutiunian,1.64,2.14,1500.0,1429.1860616050274,0.6005213319344093,0.3994786680655906,Maksim Shin,1.64,2.14,1.6652197795851538,2.503262576803749,1,2,2,Hard,Mens,1.64,2.14,1500.0,1429.1860616050274,0.6005213319344093,0.3994786680655906,Maksim Shin,1.64,2.14,1.6652197795851538,2.503262576803749,1,2,1,Hard,Mens,1.64,2.14,1500.0,1429.1860616050274,0.6005213319344093,0.3994786680655906,Maksim Shin,1.64,2.14,1.6652197795851538,2.503262576803749,1,2
Hard,2022-07-17,Mens,Max Batyutenko,Ivan Liutarevich,7.21,1.07,1500.0,1715.3453927394974,0.22450079172256426,0.7754992082774358,Ivan Liutarevich,1.07,7.21,1.289491967659429,4.454327275762081,1,6,24,Hard,Mens,7.21,1.07,1500.0,1715.3453927394974,0.22450079172256426,0.7754992082774358,Ivan Liutarevich,1.07,7.21,1.289491967659429,4.454327275762081,1,6,1,Hard,Mens,7.21,1.07,1500.0,1715.3453927394974,0.22450079172256426,0.7754992082774358,Ivan Liutarevich,1.07,7.21,1.289491967659429,4.454327275762081,1,6
Hard,2022-07-17,Mens,Miguel Cejudo,Hanwen Li,10.32,1.01,1500.0,1479.298717345869,0.5297563357717515,0.47024366422824854,Miguel Cejudo,10.32,1.01,1.887660292997148,2.1265570938444722,1,2,2,Hard,Mens,10.32,1.01,1500.0,1479.298717345869,0.5297563357717515,0.47024366422824854,Miguel Cejudo,10.32,1.01,1.887660292997148,2.1265570938444722,1,2,1,Hard,Mens,10.32,1.01,1500.0,1479.298717345869,0.5297563357717515,0.47024366422824854,Miguel Cejudo,10.32,1.01,1.887660292997148,2.1265570938444722,1,2
Hard,2022-07-17,Mens,Murkel Dellien,John Echeverria,1.92,1.78,1476.1648503643846,1425.746151572852,0.572053262513407,0.42794673748659295,Murkel Dellien,1.92,1.78,1.7480889727056899,2.336739393956307,14,5,7,Hard,Mens,1.92,1.78,1476.1648503643846,1425.746151572852,0.572053262513407,0.42794673748659295,Murkel Dellien,1.92,1.78,1.7480889727056899,2.336739393956307,14,5,26,Hard,Mens,1.92,1.78,1476.1648503643846,1425.746151572852,0.572053262513407,0.42794673748659295,Murkel Dellien,1.92,1.78,1.7480889727056899,2.336739393956307,14,5
Hard,2022-07-17,Mens,Nikita Sidorov,Saba Purtseladze,8.86,1.04,1368.2118812209912,1628.8425228712238,0.18237920712566005,0.81762079287434,Saba Purtseladze,1.04,8.86,1.2230608721244811,5.483081189792626,1,4,10,Hard,Mens,8.86,1.04,1368.2118812209912,1628.8425228712238,0.18237920712566005,0.81762079287434,Saba Purtseladze,1.04,8.86,1.2230608721244811,5.483081189792626,1,4,3,Hard,Mens,8.86,1.04,1368.2118812209912,1628.8425228712238,0.18237920712566005,0.81762079287434,Saba Purtseladze,1.04,8.86,1.2230608721244811,5.483081189792626,1,4
Hard,2022-07-17,Mens,Omar Jasika,Gerard Planelles Ripoll,1.05,7.70,1734.6642480016774,1396.030160702293,0.8753740580602873,0.12462594193971267,Omar Jasika,1.05,7.7,1.1423687859974594,8.024011569627664,36,3,3,Hard,Mens,1.05,7.70,1734.6642480016774,1396.030160702293,0.8753740580602873,0.12462594193971267,Omar Jasika,1.05,7.7,1.1423687859974594,8.024011569627664,36,3,53,Hard,Mens,1.05,7.70,1734.6642480016774,1396.030160702293,0.8753740580602873,0.12462594193971267,Omar Jasika,1.05,7.7,1.1423687859974594,8.024011569627664,36,3
Hard,2022-07-17,Mens,Ronnie Schneider,Hady Habib,6.56,1.07,1500.0,1469.372315968339,0.5439629599240384,0.4560370400759615,Ronnie Schneider,6.56,1.07,1.8383604650942498,2.192804338510379,1,10,14,Hard,Mens,6.56,1.07,1500.0,1469.372315968339,0.5439629599240384,0.4560370400759615,Ronnie Schneider,6.56,1.07,1.8383604650942498,2.192804338510379,1,10,1,Hard,Mens,6.56,1.07,1500.0,1469.372315968339,0.5439629599240384,0.4560370400759615,Ronnie Schneider,6.56,1.07,1.8383604650942498,2.192804338510379,1,10
Hard,2022-07-17,Mens,Savriyan Danilov,Aliaksandr Liaonenka,1.12,5.36,1419.5761189785803,1500.0,0.38628455860413174,0.6137154413958682,Aliaksandr Liaonenka,5.36,1.12,1.6294196504581095,2.588765141463524,3,1,1,Hard,Mens,1.12,5.36,1419.5761189785803,1500.0,0.38628455860413174,0.6137154413958682,Aliaksandr Liaonenka,5.36,1.12,1.6294196504581095,2.588765141463524,3,1,7,Hard,Mens,1.12,5.36,1419.5761189785803,1500.0,0.38628455860413174,0.6137154413958682,Aliaksandr Liaonenka,5.36,1.12,1.6294196504581095,2.588765141463524,3,1
Hard,2022-07-17,Mens,Sidharth Rawat,Egor Noskin,1.08,6.65,1492.6280270992074,1500.0,0.4893924700208298,0.5106075299791702,Egor Noskin,6.65,1.08,1.9584513374504955,2.043349788274097,2,1,1,Hard,Mens,1.08,6.65,1492.6280270992074,1500.0,0.4893924700208298,0.5106075299791702,Egor Noskin,6.65,1.08,1.9584513374504955,2.043349788274097,2,1,4,Hard,Mens,1.08,6.65,1492.6280270992074,1500.0,0.4893924700208298,0.5106075299791702,Egor Noskin,6.65,1.08,1.9584513374504955,2.043349788274097,2,1
Hard,2022-07-17,Mens,Sung Nam Ji,Alexander Zgirovsky,1.22,3.83,1486.8166334509854,1500.0,0.48103671072371923,0.5189632892762808,Alexander Zgirovsky,3.83,1.22,1.9269185714360413,2.078843418198792,3,1,1,Hard,Mens,1.22,3.83,1486.8166334509854,1500.0,0.48103671072371923,0.5189632892762808,Alexander Zgirovsky,3.83,1.22,1.9269185714360413,2.078843418198792,3,1,7,Hard,Mens,1.22,3.83,1486.8166334509854,1500.0,0.48103671072371923,0.5189632892762808,Alexander Zgirovsky,3.83,1.22,1.9269185714360413,2.078843418198792,3,1
Hard,2022-07-17,Mens,Thomaz Bellucci,Tristan Schoolkate,1.70,2.01,1361.3899883903102,1617.601909663007,0.18620286306193054,0.8137971369380695,Tristan Schoolkate,2.01,1.7,1.2288074688521553,5.370486702276983,10,12,37,Hard,Mens,1.70,2.01,1361.3899883903102,1617.601909663007,0.18620286306193054,0.8137971369380695,Tristan Schoolkate,2.01,1.7,1.2288074688521553,5.370486702276983,10,12,31,Hard,Mens,1.70,2.01,1361.3899883903102,1617.601909663007,0.18620286306193054,0.8137971369380695,Tristan Schoolkate,2.01,1.7,1.2288074688521553,5.370486702276983,10,12
Hard,2022-07-17,Mens,Zura Tkemaladze,Islam Orynbasar,1.07,7.42,1500.0,1457.164268840411,0.5613351080014367,0.43866489199856334,Zura Tkemaladze,1.07,7.42,1.7814670519368985,2.279644480879211,1,2,2,Hard,Mens,1.07,7.42,1500.0,1457.164268840411,0.5613351080014367,0.43866489199856334,Zura Tkemaladze,1.07,7.42,1.7814670519368985,2.279644480879211,1,2,1,Hard,Mens,1.07,7.42,1500.0,1457.164268840411,0.5613351080014367,0.43866489199856334,Zura Tkemaladze,1.07,7.42,1.7814670519368985,2.279644480879211,1,2
